{
  "y_mean": 46.19825876829909,
  "y_std": 9.457606016568764,
  "y_p75": 52.0,
  "y_p90": 59.0,
  "n_samples": 355040
}